﻿Image,Binary,Category,Image Notes,Color code
UC01.jpg,1,,"White Robot, No mouth, Violin towards front of image ",May cause categorical issues
UC02.jpg,1,,"Half a mannequin, no hair, sideways.",Has caused issues and needs change
UC03.jpg,1,,"Digitally generated face, white iris, shiny plastic like appearance",May contain feature that obscures face
UC04.jpg,1,,"Digital face, normal overall, plastic like in appearance",
UC05.jpg,1,,"Digital face with tears, everything is much shiner than normal and proportions look strange.",
UC06.jpg,1,,"Digitally altered face (maybe generated), big eyes, odd head shape (triangular)",
UC07.jpg,1,,"Digitally altered face (maybe generated), big eyes",
UC08.jpg,1,,"Digitally altered face (maybe generated), looks like a painting, big eyes, odd head shape (triangular)",
UC09.jpg,1,,"Digitally altered face (maybe generated), big eyes, odd angle relative to camera perspective",
UC10.jpg,1,,Face is neutral but unsettling in appearance,
UC11.jpg,1,,"Digitally made face, plastic in appearance, shiny",
UC12.jpg,1,,"Digitally made face, plastic in appearance, shiny",
UC13.jpg,1,,"Digitally made face, horror game, no eyes, face in background with something in foreground",
UC14.jpg,1,,"Horror movie, extremely pale in appearance, skin looks decayed, hair covering face",
UC15.jpg,1,,"Doll, full black eyes, no mouth, competely white, looks plastic",
UC16.jpg,1,,"Looks like overlayed faces, area around head is distrorted, face looks semi unnatural",
UC17.jpg,1,,"Digitally made face, side veiw, shiny, plastic like apperance",
UC18.jpg,1,,"Digitally made face, shiny, plastic like apperance",
UC19.jpg,1,,"Digitally made face, unnatural headd shape (triangualar), larger nose (similiar to gorilla?), eyes compressed and seperated",
UC20.jpg,1,,"Natural appearance, no eyes, no mouth, ",
UC21.jpg,1,,"Clay sculpture, hetrochromia, no hair, back of head missing,",
UC22.jpg,1,,"Doll, plastic in apperance, proportions look off",
UC23.jpg,1,,"Doll, plastic in apperance, proportions look off",
UC24.jpg,1,,"Doll, plastic in apperance, proportions look off",
UC25.jpg,1,,"Doll, plastic in apperance, proportions look off",
UC26.jpg,1,,"Doll, plastic in apperance, proportions look off, (May be make up), hand near face",
UC27.jpg,1,,"Doll, plastic in apperance, proportions look off",
UC28.jpg,1,,"Doll, plastic in apperance, proportions look off, mouth is strange",
UC29.jpg,1,,"Doll, plastic in apperance, proportions look off",
UC30.jpg,1,,"Painting like BG, doll like appearance of face",
UC31.jpg,1,,,
UC32.jpg,1,,,
UC33.jpg,1,,,
UC34.jpg,1,,,
UC35.jpg,1,,,
UC36.jpg,1,,,
UC37.jpg,1,,,
UC38.jpg,1,,,
UC39.jpg,1,,,
UC40.jpg,1,,,
UC41.jpg,1,,,
UC42.jpg,1,,,
UC43.jpg,1,,,
UC44.jpg,1,,,
UC45.jpg,1,,,
UC46.jpg,1,,,
UC47.jpg,1,,,
UC48.jpg,1,,,
UC49.jpg,1,,,
UC50.jpg,1,,,
UC51.jpg,1,,,
UC52.jpg,1,,,
UC53.jpg,1,,,
UC54.jpg,1,,,
UC55.jpg,1,,,
UC56.jpg,1,,,
UC57.jpg,1,,,
UC58.jpg,1,,,
UC59.jpg,1,,,
UC60.jpg,1,,,
UC61.jpg,1,,,
UC62.jpg,1,,,
UC63.jpg,1,,,
UC64.jpg,1,,,
UC65.jpg,1,,,
UC66.jpg,1,,,
UC67.jpg,1,,,
UC68.jpg,1,,,
UC69.jpg,1,,,
UC70.jpg,1,,,
UC71.jpg,1,,,
UC72.jpg,1,,,
UC73.jpg,1,,,
UC74.jpg,1,,,
UC75.jpg,1,,,
UC76.jpg,1,,,
UC77.jpg,1,,,
UC78.jpg,1,,,
UC79.jpg,1,,,
UC80.jpg,1,,,
UC81.jpg,1,,,
UC82.jpg,1,,,
UC83.jpg,1,,,
UC84.jpg,1,,,
UC85.jpg,1,,,
UC86.jpg,1,,,
UC87.jpg,1,,,
UC88.jpg,1,,,
UC89.jpg,1,,,
UC90.jpg,1,,,
UC91.jpg,1,,,
UC92.jpg,1,,,
UC93.jpg,1,,,
UC94.jpg,1,,,
UC95.jpg,1,,,
UC96.jpg,1,,,
NUC01.jpg,0,,,
NUC02.jpg,0,,,
NUC03.jpg,0,,,
NUC04.jpg,0,,,
NUC05.jpg,0,,,
NUC06.jpg,0,,,
NUC07.jpg,0,,,
NUC08.jpg,0,,,
NUC09.jpg,0,,,
NUC10.jpg,0,,,
NUC11.jpg,0,,,
NUC12.jpg,0,,,
NUC13.jpg,0,,,
NUC14.jpg,0,,,
NUC15.jpg,0,,,
NUC16.jpg,0,,,
NUC17.jpg,0,,,
NUC18.jpg,0,,,
NUC19.jpg,0,,,
NUC20.jpg,0,,,
NUC21.jpg,0,,,
NUC22.jpg,0,,,
NUC23.jpg,0,,,
NUC24.jpg,0,,,
NUC25.jpg,0,,,
NUC26.jpg,0,,,
NUC27.jpg,0,,,
NUC28.jpg,0,,,
NUC29.jpg,0,,,
NUC30.jpg,0,,,
NUC31.jpg,0,,,
NUC32.jpg,0,,,
NUC33.jpg,0,,,
NUC34.jpg,0,,,
NUC35.jpg,0,,,
NUC36.jpg,0,,,
NUC37.jpg,0,,,
NUC38.jpg,0,,,
NUC39.jpg,0,,,
NUC40.jpg,0,,,
NUC41.jpg,0,,,
NUC42.jpg,0,,,
NUC43.jpg,0,,,
NUC44.jpg,0,,,
NUC45.jpg,0,,,
NUC46.jpg,0,,,
NUC47.jpg,0,,,
NUC48.jpg,0,,,
NUC49.jpg,0,,,
NUC50.jpg,0,,,
NUC51.jpg,0,,,
NUC52.jpg,0,,,
NUC53.jpg,0,,,
NUC54.jpg,0,,,
NUC55.jpg,0,,,
NUC56.jpg,0,,,
NUC57.jpg,0,,,
NUC58.jpg,0,,,
NUC59.jpg,0,,,
NUC60.jpg,0,,,
NUC61.jpg,0,,,
NUC62.jpg,0,,,
NUC63.jpg,0,,,
NUC64.jpg,0,,,
NUC65.jpg,0,,,
NUC66.jpg,0,,,
NUC67.jpg,0,,,
NUC68.jpg,0,,,
NUC69.jpg,0,,,
NUC70.jpg,0,,,
NUC71.jpg,0,,,
NUC72.jpg,0,,,
NUC73.jpg,0,,,
NUC74.jpg,0,,,
NUC75.jpg,0,,,
NUC76.jpg,0,,,
NUC77.jpg,0,,,
NUC78.jpg,0,,,
NUC79.jpg,0,,,
NUC80.jpg,0,,,
NUC81.jpg,0,,,
NUC82.jpg,0,,,
NUC83.jpg,0,,,
NUC84.jpg,0,,,
NUC85.jpg,0,,,
NUC86.jpg,0,,,
NUC87.jpg,0,,,
NUC88.jpg,0,,,
NUC89.jpg,0,,,
NUC90.jpg,0,,,
NUC91.jpg,0,,,
NUC92.jpg,0,,,
NUC93.jpg,0,,,
NUC94.jpg,0,,,
NUC95.jpg,0,,,
NUC96.jpg,0,,,
NUC97.jpg,0,,,
NUC98.jpg,0,,,
NUC99.jpg,0,,,
NUC100.jpg,0,,,
NUC101.jpg,0,,,
NUC102.jpg,0,,,
NUC103.jpg,0,,,
NUC104.jpg,0,,,
NUC105.jpg,0,,,
NUC106.jpg,0,,,
NUC107.jpg,0,,,
NUC108.jpg,0,,,
NUC109.jpg,0,,,
NUC110.jpg,0,,,
NUC111.jpg,0,,,
UC97.jpg,1,,,
UC98.jpg,1,,,
UC99.jpg,1,,,
